Email,First Name,Last Name,Residential Address Street,Residential Address Locality,Residential Address State,Residential Address Postcode,Postal Address Street,Postal Address Locality,Postal Address State,Postal Address Postcode
colton_tromp@gmail.com,Darcy,Waters,8540 Charli Summit,AIRLIE BEACH,QLD,4802,376 Williamson Hill,ARTHUR RIVER,WA,6315
lindsay_bradtke@gmail.com,Georgia,Stewart,650 Harris Summit,ARCTURUS,QLD,4722,477 Jasmine Circle,ALDINGA,SA,5173
jaime_kuphal@yahoo.com,Joshua,Schmidt,53 Klein Circle,AMBLESIDE,TAS,7310,2979 Anthony Drive,AMOR,VIC,3825
odell.king@hotmail.com,Natalie,Smith,545 Summer Avenue,ALVIE,VIC,3249,5454 Koss Track,ANABRANCH SOUTH,NSW,2648
carlos@hotmail.com,Cameron,Schneider,46 Becker Summit,ALLANSFORD,VIC,3277,3137 Lakin Station St,ALLANS FLAT,VIC,3691
june@gmail.com,Oscar,King,727 Zoe Knoll,ADELAIDE RIVER,NT,846,71 Morissette Manor,AMHERST,VIC,3371
linsey.blanda@hotmail.com,Mia,Flatley,15 Hannah Circle,ARMADALE,WA,6112,696 Jenkins Parkway,AMBERLEY,QLD,4306
roger.prohaska@gmail.com,Charles,Wilson,85 Isaac Terrace,ALEXANDRA HILLS,QLD,3161,5414 Leannon Crest,ALSACE,QLD,4702
arthur@yahoo.com,Owen,Carter,9300 Moss Run,ANKETELL,WA,6167,99 Levi Summit,ADARE,QLD,4343
barrett@yahoo.com,Ashley,Green,5023 Nader Lane,ANDAMOOKA,SA,5722,92 Bergstrom Run,ANTONYMYRE,WA,6714
salvatore_schuppe@gmail.com,Aidan,Kuhlman,201 Durgan Mall,ANNADALE,SA,5356,26 Cassin Knoll,ALEXANDRA HEADLAND,QLD,4572
karl@yahoo.com,Alexandra,Clarke,6591 Natalie Meadow,ARROWSMITH,WA,6525,8719 Adams Place,ANSONS BAY,TAS,7264
karyn.kub@gmail.com,Samantha,Champlin,79 Eve Pass,ADARE,QLD,4343,67 Erdman Island,AUGATHELLA,QLD,4477
mackenzie_auer@gmail.com,Cameron,Haley,351 Heidi Court,ALPHINGTON,VIC,3078,460 Mccullough Manor,AIRVILLE,QLD,4807
lea.cummings@hotmail.com,Daniel,Braun,80 Ernser Avenue,ANNADALE,SA,5356,89 Eva Boulevard,AIRLY,VIC,3851
julian@yahoo.com,Luke,Dare,544 Sanford Pass,AYLMERTON,NSW,2575,715 Tremblay Street,ARTHUR RIVER,TAS,7330
sandee@yahoo.com,Blake,Feeney,2442 Grimes Island,ASHMONT,NSW,2650,174 Isabelle Track,AVISFORD,NSW,2850
camille_hintz@yahoo.com,William,Walter,4945 Chloe Parkway,MILLERBURGH,NSW,1270,93 Maya Lane,NATESIDE,ACT,6202
twila_morar@yahoo.com,Bella,Lockman,8813 Emily Meadow,ARMSTRONG CREEK,VIC,3217,74 Ali Circuit,ALLWORTH,NSW,2425
